<?xml version="1.0" encoding="UTF-8" standalone="yes"?>
<addon id="plugin.video.Outermatrix-KelseyDarragh"
	name="Kelsey Darragh Channel"
	version="1.0.1"
	provider-name="Outermatrix.net">
  <requires>
    <import addon="xbmc.python" version="2.0"/>
    <import addon="plugin.video.youtube" version="3.0.0"/>
  </requires>
  <extension point="xbmc.python.pluginsource" library="default.py">
    <provides>video</provides>
  </extension>
  <extension point="xbmc.addon.metadata">
    <summary lang="en">Kelsey Darragh Channel</summary>
    <description lang="en">Actress, writer, funny person. </description>
    <platform>all</platform>
  </extension>
</addon>
