<?xml version="1.0" encoding="UTF-8" standalone="yes"?>
<addon id="plugin.video.Outermatrix-BeFit"
	name="Be Fit Channel"
	version="1.0.1"
	provider-name="Outermatrix.net">
  <requires>
    <import addon="xbmc.python" version="2.0"/>
    <import addon="plugin.video.youtube" version="3.0.0"/>
  </requires>
  <extension point="xbmc.python.pluginsource" library="default.py">
    <provides>video</provides>
  </extension>
  <extension point="xbmc.addon.metadata">
    <summary lang="en">Be Fit Channel</summary>
    <description lang="en">Be healthy.  Be Fit. Workout with all of today's hottest trainers and transform yourself.</description>
    <platform>all</platform>
  </extension>
</addon>
