<?xml version="1.0" encoding="UTF-8" standalone="yes"?>
<addon id="plugin.video.Outermatrix-10secondtraumas"
	name="10 Second Traumas"
	version="1.0.0"
	provider-name="Outermatrix.net">
  <requires>
    <import addon="xbmc.python" version="2.0"/>
    <import addon="plugin.video.youtube" version="3.0.0"/>
  </requires>
  <extension point="xbmc.python.pluginsource" library="default.py">
    <provides>video</provides>
  </extension>
  <extension point="xbmc.addon.metadata">
    <summary lang="en">10 Second Traumas</summary>
    <description lang="en"> Two pretty funny women...
Anna (Asian) and Dee (non-Asian) are in the ultimate homance.</description>
    <platform>all</platform>
  </extension>
</addon>
