<?xml version="1.0" encoding="UTF-8" standalone="yes"?>
<addon id="plugin.video.Outermatrix_Smithsonian"
	name="Smithsonian Channel"
	version="2.3"
	provider-name="Outermatrix.net by bigorangekitty">
  <requires>
    <import addon="xbmc.python" version="2.0"/>
    <import addon="plugin.video.youtube" version="3.0.0"/>
  </requires>
  <extension point="xbmc.python.pluginsource" library="default.py">
    <provides>video</provides>
  </extension>
  <extension point="xbmc.addon.metadata">
    <summary lang="en">Smithsonian Channel</summary>
    <description lang="en">Smithsonian Channel brings you original documentaries and videos exploring history, air and space, science, nature, and culture. Updated 3:30 EST August 7-13</description>
    <platform>all</platform>
  </extension>
</addon>
