<?xml version="1.0" encoding="UTF-8" standalone="yes"?>
<addon id="repository.Outermatrix.net -Project STARMAN" name="Outermatrix.net -Project STARMAN" version="1.4" provider-name="Outermatrix.net by bigorangekitty">
	<extension point="xbmc.addon.repository" name="Outermatrix.net -Project STARMAN">
		<info compressed="false">http://github.com/bigorangekitty/STARMAN/raw/master/addons.xml</info>
<checksum>http://github.com/bigorangekitty/STARMAN/raw/master/addons.xml.md5</checksum>
		<datadir zip="true">http://github.com/bigorangekitty/STARMAN/raw/master/zips</datadir>
	</extension>
	<extension point="xbmc.addon.metadata">
		<summary>Latest frodo versions of my add-ons</summary>
		<description>Latest frodo versions of my add-ons</description>
		<disclaimer></disclaimer>
		<platform>all</platform>
	</extension>
</addon>
