<?xml version="1.0" encoding="UTF-8" standalone="yes"?>
<addon id="plugin.video.Outermatrix-FSO"
	name="Film Streams Online TV"
	version="1.0.0"
	provider-name="Outermatrix.net">
  <requires>
    <import addon="xbmc.python" version="2.0"/>
    <import addon="plugin.video.youtube" version="3.0.0"/>
  </requires>
  <extension point="xbmc.python.pluginsource" library="default.py">
    <provides>video</provides>
  </extension>
  <extension point="xbmc.addon.metadata">
    <summary lang="en">Film Streams Online</summary>
    <description lang="en">Watch classic TV and Movies, and "indie" HD Movies.</description>
    <platform>all</platform>
  </extension>
</addon>
