<?xml version="1.0" encoding="UTF-8" standalone="yes"?>
<addon id="plugin.video.Outermatrix-E_Entertainment"
	name="E! Entertainment"
	version="1.0.1"
	provider-name="Outermatrix.net by bigorangekitty">
  <requires>
    <import addon="xbmc.python" version="2.0"/>
    <import addon="plugin.video.youtube" version="3.0.0"/>
  </requires>
  <extension point="xbmc.python.pluginsource" library="default.py">
    <provides>video</provides>
  </extension>
  <extension point="xbmc.addon.metadata">
    <summary lang="en">E! Entertainment</summary>
    <description lang="en">E! (formally "E!: Entertainment Television") is an American basic cable and satellite television channel that is owned by the NBCUniversal Cable division of NBCUniversal. It features entertainment-related programming, reality television, feature films and occasionally series and specials unrelated to the entertainment industry. E! currently has an audience reach of 88 million cable and satellite viewers in the U.S. and 600 million homes internationally.</description>
    <platform>all</platform>
  </extension>
</addon>
