<?xml version="1.0" encoding="UTF-8" standalone="yes"?>
<addon id="plugin.video.Outermatrix-EcoScrapsGardening"
	name="EcoScraps Gardening"
	version="1.0.0"
	provider-name="Outermatrix.net">
  <requires>
    <import addon="xbmc.python" version="2.0"/>
    <import addon="plugin.video.youtube" version="3.0.0"/>
  </requires>
  <extension point="xbmc.python.pluginsource" library="default.py">
    <provides>video</provides>
  </extension>
  <extension point="xbmc.addon.metadata">
    <summary lang="en">EcoScraps Gardening</summary>
    <description lang="en">Learn tips and proper things to do while gardening.</description>
    <platform>all</platform>
  </extension>
</addon>
