<?xml version="1.0" encoding="UTF-8" standalone="yes"?>
<addon id="plugin.video.Outermatrix-KiddoTV"
	name="Kiddo.TV"
	version="1.0.2"
	provider-name="Outermatrix.net">
  <requires>
    <import addon="xbmc.python" version="2.0"/>
    <import addon="plugin.video.youtube" version="3.0.0"/>
  </requires>
  <extension point="xbmc.python.pluginsource" library="default.py">
    <provides>video</provides>
  </extension>
  <extension point="xbmc.addon.metadata">
    <summary lang="en">Kiddo.TV</summary>
    <description lang="en">Variety of cartoons for kids. Alpha Development.</description>
    <platform>all</platform>
  </extension>
</addon>
