<?xml version="1.0" encoding="UTF-8" standalone="yes"?>
<addon id="repository.Outermatrix.net -Project STARMAN" name="Outermatrix.net -Project STARMAN" version="1.0.0" provider-name="Outermatrix">
	<extension point="xbmc.addon.repository" name="Outermatrix.net -Project STARMAN">
		<info compressed="false">https://raw.github.com/bigorangekitty/R-STARMAN/master/addons.xml</info>
		<datadir zip="false">https://github.com/bigorangekitty/R-STARMAN/RU-STARMAN</datadir>
	</extension>
	<extension point="xbmc.addon.metadata">
		<summary>Latest frodo versions of my add-ons</summary>
		<description>Latest frodo versions of my add-ons</description>
		<disclaimer></disclaimer>
		<platform>all</platform>
	</extension>
</addon>
